fold,accuracy,roc_auc,precision,recall,best_threshold
1.0,0.8015803336259877,0.8207374170893484,0.7757731958762887,0.6840909090909091,0.501327789996967
2.0,0.5004389815627743,0.5495500875935658,0.7889125799573561,0.44047619047619047,0.02378481365054606
3.0,0.7497805092186128,0.8548763693270736,0.6546762589928058,0.91,0.4477418109256376
4.0,0.7260755048287972,0.8400788915407054,0.8820224719101124,0.6541666666666667,0.8508044194967818
5.0,0.7919227392449517,0.8454246225670479,0.9252717391304348,0.7891077636152954,0.7502541933129363
3.0,0.7139596136962247,0.7821334776235483,0.8053312491733996,0.6955683059698123,0.5147826054765737
1.4142135623730951,0.11025119611774464,0.11682488243161099,0.09392277897916063,0.15597973926403524,0.2877887627921755
