fold,accuracy,roc_auc,precision,recall,best_threshold
1.0,0.6786654960491659,0.6085462999089608,0.6321428571428571,0.4022727272727273,0.9737774729728699
2.0,0.6233538191395961,0.7061992355470617,0.892925430210325,0.555952380952381,0.15717661380767822
3.0,0.7673397717295873,0.8366478873239436,0.7008547008547008,0.82,0.696355402469635
4.0,0.7129060579455663,0.6802771148236542,0.7347670250896058,0.8541666666666666,0.3118930160999298
5.0,0.8884986830553117,0.9522645977127311,0.96,0.8899188876013905,0.7872012853622437
3.0,0.7341527655838455,0.7567870270632703,0.7841380026594977,0.7044621324986331,0.5852807581424713
1.4142135623730951,0.0902559757756377,0.12245606733619148,0.12266888158620974,0.1915871798036558,0.30399118054801305
