,accuracy,roc_auc,precision,recall
Fold 1,0.7625,0.8090508021390375,0.7471590909090909,0.5977272727272728
Fold 2,0.4857142857142857,0.48846882987186646,0.7040498442367601,0.5393794749403341
Fold 3,0.6776785714285715,0.7538806451612903,0.5896774193548387,0.914
Fold 4,0.7035714285714286,0.7945451388888889,0.8108974358974359,0.7027777777777777
Fold 5,0.8553571428571428,0.8456127025462963,0.9016018306636155,0.9120370370370371
Mean,0.6969642857142857,0.7383116237214759,0.7506771242123482,0.7331843124964843
Std,0.12200441193093076,0.12833049300569013,0.10441469026655224,0.15589489533641013
